name,scale_unit
MAGEA4,0.11428571428571428
KRAS,0.016666666666666666
TP53,0.008695652173913044
BRCA1,0.005076142131979695
